ano,mes,estado,regiao,bioma,focos_calor,area_estimada_ha,risco_fogo_medio
2020,1,Pará,Norte,Amazônia,394,7189.7,0.36
2020,1,Mato Grosso,Centro-Oeste,Amazônia,246,2505.2,0.39
2020,1,Amazonas,Norte,Amazônia,255,2113.5,0.43
2020,1,Tocantins,Norte,Cerrado,162,1712.0,0.33
2020,1,Maranhão,Nordeste,Cerrado,181,2542.5,0.22
2020,1,Acre,Norte,Amazônia,145,1443.2,0.25
2020,1,Rondônia,Norte,Amazônia,121,1740.6,0.26
2020,1,Bahia,Nordeste,Caatinga,96,1459.1,0.42
2020,1,Goiás,Centro-Oeste,Cerrado,124,2046.7,0.38
2020,1,Minas Gerais,Sudeste,Cerrado,135,1264.6,0.44
2020,1,Mato Grosso do Sul,Centro-Oeste,Pantanal,106,1029.1,0.52
2020,1,Piauí,Nordeste,Caatinga,91,1886.5,0.37
2020,1,São Paulo,Sudeste,Mata Atlântica,124,1533.1,0.27
2020,1,Roraima,Norte,Amazônia,135,1429.4,0.46
2020,1,Amapá,Norte,Amazônia,73,674.4,0.38
2020,2,Pará,Norte,Amazônia,254,2996.9,0.23
2020,2,Mato Grosso,Centro-Oeste,Amazônia,242,2887.8,0.44
2020,2,Amazonas,Norte,Amazônia,136,2615.4,0.37
2020,2,Tocantins,Norte,Cerrado,136,1098.5,0.41
2020,2,Maranhão,Nordeste,Cerrado,164,2985.8,0.43
2020,2,Acre,Norte,Amazônia,92,1847.7,0.33
2020,2,Rondônia,Norte,Amazônia,90,800.1,0.45
2020,2,Bahia,Nordeste,Caatinga,74,1347.9,0.26
2020,2,Goiás,Centro-Oeste,Cerrado,135,1972.5,0.38
2020,2,Minas Gerais,Sudeste,Cerrado,138,2573.8,0.31
2020,2,Mato Grosso do Sul,Centro-Oeste,Pantanal,130,1938.7,0.39
2020,2,Piauí,Nordeste,Caatinga,45,376.0,0.42
2020,2,São Paulo,Sudeste,Mata Atlântica,69,1043.3,0.44
2020,2,Roraima,Norte,Amazônia,74,1017.2,0.39
2020,2,Amapá,Norte,Amazônia,47,426.7,0.42
2020,3,Pará,Norte,Amazônia,247,5190.9,0.31
2020,3,Mato Grosso,Centro-Oeste,Amazônia,268,5413.7,0.45
2020,3,Amazonas,Norte,Amazônia,144,2951.4,0.4
2020,3,Tocantins,Norte,Cerrado,180,3698.2,0.37
2020,3,Maranhão,Nordeste,Cerrado,121,1354.1,0.33
2020,3,Acre,Norte,Amazônia,124,2486.2,0.33
2020,3,Rondônia,Norte,Amazônia,116,1605.9,0.34
2020,3,Bahia,Nordeste,Caatinga,80,1018.1,0.33
2020,3,Goiás,Centro-Oeste,Cerrado,106,1617.9,0.39
2020,3,Minas Gerais,Sudeste,Cerrado,101,2182.1,0.47
2020,3,Mato Grosso do Sul,Centro-Oeste,Pantanal,62,743.2,0.35
2020,3,Piauí,Nordeste,Caatinga,82,1233.1,0.32
2020,3,São Paulo,Sudeste,Mata Atlântica,83,832.4,0.38
2020,3,Roraima,Norte,Amazônia,76,865.5,0.35
2020,3,Amapá,Norte,Amazônia,62,702.3,0.41
2020,4,Pará,Norte,Amazônia,265,4465.9,0.47
2020,4,Mato Grosso,Centro-Oeste,Amazônia,291,2695.8,0.53
2020,4,Amazonas,Norte,Amazônia,155,1644.7,0.43
2020,4,Tocantins,Norte,Cerrado,158,2762.8,0.32
2020,4,Maranhão,Nordeste,Cerrado,149,1664.5,0.33
2020,4,Acre,Norte,Amazônia,87,1537.6,0.4
2020,4,Rondônia,Norte,Amazônia,138,1369.7,0.35
2020,4,Bahia,Nordeste,Caatinga,80,1675.7,0.33
2020,4,Goiás,Centro-Oeste,Cerrado,110,1896.4,0.4
2020,4,Minas Gerais,Sudeste,Cerrado,135,2081.0,0.46
2020,4,Mato Grosso do Sul,Centro-Oeste,Pantanal,96,1973.9,0.34
2020,4,Piauí,Nordeste,Caatinga,91,1159.9,0.42
2020,4,São Paulo,Sudeste,Mata Atlântica,114,2343.8,0.29
2020,4,Roraima,Norte,Amazônia,81,1376.1,0.39
2020,4,Amapá,Norte,Amazônia,58,471.5,0.43
2020,5,Pará,Norte,Amazônia,435,3510.8,0.32
2020,5,Mato Grosso,Centro-Oeste,Amazônia,362,6402.5,0.28
2020,5,Amazonas,Norte,Amazônia,178,3198.8,0.43
2020,5,Tocantins,Norte,Cerrado,179,3302.7,0.29
2020,5,Maranhão,Nordeste,Cerrado,233,4009.1,0.41
2020,5,Acre,Norte,Amazônia,122,1604.1,0.39
2020,5,Rondônia,Norte,Amazônia,139,3005.5,0.31
2020,5,Bahia,Nordeste,Caatinga,143,2407.5,0.36
2020,5,Goiás,Centro-Oeste,Cerrado,157,2524.0,0.49
2020,5,Minas Gerais,Sudeste,Cerrado,129,2336.7,0.38
2020,5,Mato Grosso do Sul,Centro-Oeste,Pantanal,110,2328.3,0.42
2020,5,Piauí,Nordeste,Caatinga,113,2433.2,0.44
2020,5,São Paulo,Sudeste,Mata Atlântica,105,2091.2,0.26
2020,5,Roraima,Norte,Amazônia,86,1358.4,0.34
2020,5,Amapá,Norte,Amazônia,76,1214.5,0.41
2020,6,Pará,Norte,Amazônia,592,12941.6,0.34
2020,6,Mato Grosso,Centro-Oeste,Amazônia,488,9898.2,0.32
2020,6,Amazonas,Norte,Amazônia,362,6456.2,0.49
2020,6,Tocantins,Norte,Cerrado,214,4136.8,0.33
2020,6,Maranhão,Nordeste,Cerrado,288,5986.2,0.43
2020,6,Acre,Norte,Amazônia,217,4161.2,0.72
2020,6,Rondônia,Norte,Amazônia,282,5397.8,0.49
2020,6,Bahia,Nordeste,Caatinga,161,2134.6,0.47
2020,6,Goiás,Centro-Oeste,Cerrado,222,1887.7,0.34
2020,6,Minas Gerais,Sudeste,Cerrado,338,4059.9,0.26
2020,6,Mato Grosso do Sul,Centro-Oeste,Pantanal,173,1474.5,0.41
2020,6,Piauí,Nordeste,Caatinga,145,1417.9,0.49
2020,6,São Paulo,Sudeste,Mata Atlântica,218,2402.7,0.42
2020,6,Roraima,Norte,Amazônia,123,1073.0,0.42
2020,6,Amapá,Norte,Amazônia,146,2470.9,0.55
2020,7,Pará,Norte,Amazônia,526,10063.8,0.47
2020,7,Mato Grosso,Centro-Oeste,Amazônia,647,5886.7,0.32
2020,7,Amazonas,Norte,Amazônia,496,6807.8,0.53
2020,7,Tocantins,Norte,Cerrado,389,4474.8,0.43
2020,7,Maranhão,Nordeste,Cerrado,523,9018.0,0.49
2020,7,Acre,Norte,Amazônia,309,5118.3,0.59
2020,7,Rondônia,Norte,Amazônia,240,3116.1,0.42
2020,7,Bahia,Nordeste,Caatinga,237,2220.6,0.61
2020,7,Goiás,Centro-Oeste,Cerrado,131,1365.7,0.37
2020,7,Minas Gerais,Sudeste,Cerrado,222,3690.1,0.35
2020,7,Mato Grosso do Sul,Centro-Oeste,Pantanal,251,3324.4,0.47
2020,7,Piauí,Nordeste,Caatinga,234,4677.9,0.64
2020,7,São Paulo,Sudeste,Mata Atlântica,204,1833.5,0.49
2020,7,Roraima,Norte,Amazônia,199,3224.0,0.46
2020,7,Amapá,Norte,Amazônia,152,2042.0,0.51
2020,8,Pará,Norte,Amazônia,1472,23020.1,0.78
2020,8,Mato Grosso,Centro-Oeste,Amazônia,1369,29374.2,0.66
2020,8,Amazonas,Norte,Amazônia,831,10359.0,0.63
2020,8,Tocantins,Norte,Cerrado,740,7144.2,0.68
2020,8,Maranhão,Nordeste,Cerrado,931,18885.0,0.73
2020,8,Acre,Norte,Amazônia,664,7933.8,0.66
2020,8,Rondônia,Norte,Amazônia,728,14047.3,0.56
2020,8,Bahia,Nordeste,Caatinga,494,6524.9,0.62
2020,8,Goiás,Centro-Oeste,Cerrado,553,11629.9,0.71
2020,8,Minas Gerais,Sudeste,Cerrado,668,12366.1,0.7
2020,8,Mato Grosso do Sul,Centro-Oeste,Pantanal,506,10441.7,0.63
2020,8,Piauí,Nordeste,Caatinga,572,7139.0,0.61
2020,8,São Paulo,Sudeste,Mata Atlântica,475,3872.1,0.68
2020,8,Roraima,Norte,Amazônia,438,9333.1,0.6
2020,8,Amapá,Norte,Amazônia,400,5711.3,0.7
2020,9,Pará,Norte,Amazônia,1610,28038.6,0.57
2020,9,Mato Grosso,Centro-Oeste,Amazônia,1903,36261.0,0.72
2020,9,Amazonas,Norte,Amazônia,1079,9501.5,0.6
2020,9,Tocantins,Norte,Cerrado,613,12522.3,0.81
2020,9,Maranhão,Nordeste,Cerrado,803,8031.5,0.65
2020,9,Acre,Norte,Amazônia,764,7193.6,0.78
2020,9,Rondônia,Norte,Amazônia,821,7404.3,0.63
2020,9,Bahia,Nordeste,Caatinga,649,5931.1,0.74
2020,9,Goiás,Centro-Oeste,Cerrado,552,10697.3,0.56
2020,9,Minas Gerais,Sudeste,Cerrado,727,6665.9,0.78
2020,9,Mato Grosso do Sul,Centro-Oeste,Pantanal,685,9548.3,0.79
2020,9,Piauí,Nordeste,Caatinga,520,7571.8,0.67
2020,9,São Paulo,Sudeste,Mata Atlântica,624,11509.4,0.6
2020,9,Roraima,Norte,Amazônia,535,7087.8,0.68
2020,9,Amapá,Norte,Amazônia,397,4418.7,0.64
2020,10,Pará,Norte,Amazônia,1571,34407.3,0.67
2020,10,Mato Grosso,Centro-Oeste,Amazônia,1342,28947.3,0.53
2020,10,Amazonas,Norte,Amazônia,1203,21341.8,0.63
2020,10,Tocantins,Norte,Cerrado,1077,17426.3,0.53
2020,10,Maranhão,Nordeste,Cerrado,730,12177.8,0.67
2020,10,Acre,Norte,Amazônia,461,6680.7,0.54
2020,10,Rondônia,Norte,Amazônia,736,6689.0,0.45
2020,10,Bahia,Nordeste,Caatinga,494,6092.7,0.74
2020,10,Goiás,Centro-Oeste,Cerrado,650,6679.8,0.67
2020,10,Minas Gerais,Sudeste,Cerrado,497,10465.9,0.74
2020,10,Mato Grosso do Sul,Centro-Oeste,Pantanal,505,9770.6,0.57
2020,10,Piauí,Nordeste,Caatinga,300,6473.6,0.7
2020,10,São Paulo,Sudeste,Mata Atlântica,488,7106.1,0.62
2020,10,Roraima,Norte,Amazônia,276,2425.8,0.54
2020,10,Amapá,Norte,Amazônia,292,6422.8,0.62
2020,11,Pará,Norte,Amazônia,776,14562.3,0.45
2020,11,Mato Grosso,Centro-Oeste,Amazônia,622,6100.7,0.32
2020,11,Amazonas,Norte,Amazônia,436,4883.6,0.49
2020,11,Tocantins,Norte,Cerrado,462,6012.6,0.57
2020,11,Maranhão,Nordeste,Cerrado,394,6022.0,0.39
2020,11,Acre,Norte,Amazônia,277,5520.8,0.57
2020,11,Rondônia,Norte,Amazônia,425,8616.1,0.59
2020,11,Bahia,Nordeste,Caatinga,190,1596.6,0.42
2020,11,Goiás,Centro-Oeste,Cerrado,329,5875.0,0.56
2020,11,Minas Gerais,Sudeste,Cerrado,300,2461.1,0.42
2020,11,Mato Grosso do Sul,Centro-Oeste,Pantanal,304,4101.4,0.31
2020,11,Piauí,Nordeste,Caatinga,252,3244.6,0.44
2020,11,São Paulo,Sudeste,Mata Atlântica,295,3997.7,0.45
2020,11,Roraima,Norte,Amazônia,228,4854.9,0.47
2020,11,Amapá,Norte,Amazônia,96,1385.1,0.44
2020,12,Pará,Norte,Amazônia,465,5860.2,0.42
2020,12,Mato Grosso,Centro-Oeste,Amazônia,302,2736.8,0.44
2020,12,Amazonas,Norte,Amazônia,205,2632.1,0.43
2020,12,Tocantins,Norte,Cerrado,230,3989.5,0.46
2020,12,Maranhão,Nordeste,Cerrado,205,1757.3,0.35
2020,12,Acre,Norte,Amazônia,147,1540.3,0.32
2020,12,Rondônia,Norte,Amazônia,138,1807.8,0.37
2020,12,Bahia,Nordeste,Caatinga,189,1616.0,0.39
2020,12,Goiás,Centro-Oeste,Cerrado,193,1764.9,0.48
2020,12,Minas Gerais,Sudeste,Cerrado,191,3683.8,0.37
2020,12,Mato Grosso do Sul,Centro-Oeste,Pantanal,133,1453.8,0.43
2020,12,Piauí,Nordeste,Caatinga,123,2048.6,0.2
2020,12,São Paulo,Sudeste,Mata Atlântica,123,2271.1,0.21
2020,12,Roraima,Norte,Amazônia,128,1940.9,0.41
2020,12,Amapá,Norte,Amazônia,69,984.2,0.39
2021,1,Pará,Norte,Amazônia,190,2236.2,0.37
2021,1,Mato Grosso,Centro-Oeste,Amazônia,219,2739.5,0.35
2021,1,Amazonas,Norte,Amazônia,130,1258.0,0.26
2021,1,Tocantins,Norte,Cerrado,139,2433.5,0.42
2021,1,Maranhão,Nordeste,Cerrado,128,1179.8,0.47
2021,1,Acre,Norte,Amazônia,133,2452.0,0.43
2021,1,Rondônia,Norte,Amazônia,87,1041.6,0.34
2021,1,Bahia,Nordeste,Caatinga,100,1599.1,0.25
2021,1,Goiás,Centro-Oeste,Cerrado,76,716.3,0.4
2021,1,Minas Gerais,Sudeste,Cerrado,103,1055.7,0.3
2021,1,Mato Grosso do Sul,Centro-Oeste,Pantanal,78,813.3,0.28
2021,1,Piauí,Nordeste,Caatinga,41,891.9,0.41
2021,1,São Paulo,Sudeste,Mata Atlântica,76,1639.5,0.28
2021,1,Roraima,Norte,Amazônia,69,801.1,0.37
2021,1,Amapá,Norte,Amazônia,52,1092.6,0.27
2021,2,Pará,Norte,Amazônia,313,3730.9,0.47
2021,2,Mato Grosso,Centro-Oeste,Amazônia,171,2142.9,0.39
2021,2,Amazonas,Norte,Amazônia,132,1504.0,0.12
2021,2,Tocantins,Norte,Cerrado,120,1444.9,0.27
2021,2,Maranhão,Nordeste,Cerrado,87,1282.0,0.36
2021,2,Acre,Norte,Amazônia,70,889.9,0.35
2021,2,Rondônia,Norte,Amazônia,81,1420.8,0.4
2021,2,Bahia,Nordeste,Caatinga,75,1095.2,0.46
2021,2,Goiás,Centro-Oeste,Cerrado,59,1239.8,0.26
2021,2,Minas Gerais,Sudeste,Cerrado,102,2156.0,0.29
2021,2,Mato Grosso do Sul,Centro-Oeste,Pantanal,82,1622.4,0.47
2021,2,Piauí,Nordeste,Caatinga,68,735.9,0.31
2021,2,São Paulo,Sudeste,Mata Atlântica,64,1241.9,0.32
2021,2,Roraima,Norte,Amazônia,60,781.4,0.51
2021,2,Amapá,Norte,Amazônia,39,757.9,0.42
2021,3,Pará,Norte,Amazônia,135,1954.5,0.26
2021,3,Mato Grosso,Centro-Oeste,Amazônia,216,3248.2,0.27
2021,3,Amazonas,Norte,Amazônia,124,1658.4,0.32
2021,3,Tocantins,Norte,Cerrado,124,2075.7,0.35
2021,3,Maranhão,Nordeste,Cerrado,75,746.2,0.43
2021,3,Acre,Norte,Amazônia,81,1252.9,0.44
2021,3,Rondônia,Norte,Amazônia,88,890.9,0.36
2021,3,Bahia,Nordeste,Caatinga,51,939.2,0.28
2021,3,Goiás,Centro-Oeste,Cerrado,82,1531.3,0.3
2021,3,Minas Gerais,Sudeste,Cerrado,84,1637.8,0.41
2021,3,Mato Grosso do Sul,Centro-Oeste,Pantanal,67,1283.9,0.26
2021,3,Piauí,Nordeste,Caatinga,55,996.1,0.3
2021,3,São Paulo,Sudeste,Mata Atlântica,74,1310.9,0.45
2021,3,Roraima,Norte,Amazônia,37,475.1,0.36
2021,3,Amapá,Norte,Amazônia,26,376.2,0.46
2021,4,Pará,Norte,Amazônia,236,3908.2,0.55
2021,4,Mato Grosso,Centro-Oeste,Amazônia,198,3515.1,0.4
2021,4,Amazonas,Norte,Amazônia,131,1327.8,0.38
2021,4,Tocantins,Norte,Cerrado,153,2132.5,0.45
2021,4,Maranhão,Nordeste,Cerrado,113,2368.2,0.35
2021,4,Acre,Norte,Amazônia,66,1438.0,0.33
2021,4,Rondônia,Norte,Amazônia,133,1806.9,0.39
2021,4,Bahia,Nordeste,Caatinga,66,1269.8,0.31
2021,4,Goiás,Centro-Oeste,Cerrado,100,2087.8,0.16
2021,4,Minas Gerais,Sudeste,Cerrado,74,1356.1,0.24
2021,4,Mato Grosso do Sul,Centro-Oeste,Pantanal,55,788.4,0.32
2021,4,Piauí,Nordeste,Caatinga,61,913.6,0.32
2021,4,São Paulo,Sudeste,Mata Atlântica,78,1019.7,0.33
2021,4,Roraima,Norte,Amazônia,76,621.9,0.43
2021,4,Amapá,Norte,Amazônia,33,708.0,0.38
2021,5,Pará,Norte,Amazônia,291,2675.7,0.27
2021,5,Mato Grosso,Centro-Oeste,Amazônia,260,4247.2,0.37
2021,5,Amazonas,Norte,Amazônia,168,1837.7,0.36
2021,5,Tocantins,Norte,Cerrado,149,1589.8,0.37
2021,5,Maranhão,Nordeste,Cerrado,146,2322.5,0.31
2021,5,Acre,Norte,Amazônia,133,1884.7,0.14
2021,5,Rondônia,Norte,Amazônia,149,1515.8,0.19
2021,5,Bahia,Nordeste,Caatinga,96,2039.6,0.34
2021,5,Goiás,Centro-Oeste,Cerrado,86,1463.4,0.3
2021,5,Minas Gerais,Sudeste,Cerrado,120,1222.3,0.35
2021,5,Mato Grosso do Sul,Centro-Oeste,Pantanal,117,980.4,0.46
2021,5,Piauí,Nordeste,Caatinga,74,1288.1,0.3
2021,5,São Paulo,Sudeste,Mata Atlântica,83,1422.5,0.4
2021,5,Roraima,Norte,Amazônia,71,809.7,0.34
2021,5,Amapá,Norte,Amazônia,62,1216.6,0.39
2021,6,Pará,Norte,Amazônia,545,5924.0,0.3
2021,6,Mato Grosso,Centro-Oeste,Amazônia,395,3231.9,0.35
2021,6,Amazonas,Norte,Amazônia,161,3300.1,0.52
2021,6,Tocantins,Norte,Cerrado,190,2210.1,0.46
2021,6,Maranhão,Nordeste,Cerrado,249,2926.5,0.24
2021,6,Acre,Norte,Amazônia,113,1777.3,0.52
2021,6,Rondônia,Norte,Amazônia,115,2447.0,0.34
2021,6,Bahia,Nordeste,Caatinga,113,2277.9,0.41
2021,6,Goiás,Centro-Oeste,Cerrado,187,3590.0,0.38
2021,6,Minas Gerais,Sudeste,Cerrado,165,1940.6,0.37
2021,6,Mato Grosso do Sul,Centro-Oeste,Pantanal,192,2229.2,0.43
2021,6,Piauí,Nordeste,Caatinga,121,2635.6,0.36
2021,6,São Paulo,Sudeste,Mata Atlântica,96,1134.0,0.39
2021,6,Roraima,Norte,Amazônia,108,1278.4,0.3
2021,6,Amapá,Norte,Amazônia,103,2020.5,0.44
2021,7,Pará,Norte,Amazônia,640,10500.6,0.49
2021,7,Mato Grosso,Centro-Oeste,Amazônia,426,8861.6,0.46
2021,7,Amazonas,Norte,Amazônia,225,3434.6,0.31
2021,7,Tocantins,Norte,Cerrado,286,4703.0,0.43
2021,7,Maranhão,Nordeste,Cerrado,261,3142.9,0.3
2021,7,Acre,Norte,Amazônia,265,3222.3,0.34
2021,7,Rondônia,Norte,Amazônia,202,3492.9,0.63
2021,7,Bahia,Nordeste,Caatinga,186,2047.7,0.43
2021,7,Goiás,Centro-Oeste,Cerrado,208,3109.4,0.43
2021,7,Minas Gerais,Sudeste,Cerrado,178,3345.1,0.49
2021,7,Mato Grosso do Sul,Centro-Oeste,Pantanal,200,3527.5,0.56
2021,7,Piauí,Nordeste,Caatinga,123,2394.5,0.38
2021,7,São Paulo,Sudeste,Mata Atlântica,204,2409.2,0.49
2021,7,Roraima,Norte,Amazônia,104,965.3,0.51
2021,7,Amapá,Norte,Amazônia,108,1143.9,0.47
2021,8,Pará,Norte,Amazônia,1458,26610.2,0.54
2021,8,Mato Grosso,Centro-Oeste,Amazônia,1145,20257.2,0.62
2021,8,Amazonas,Norte,Amazônia,618,9178.5,0.58
2021,8,Tocantins,Norte,Cerrado,659,6938.0,0.55
2021,8,Maranhão,Nordeste,Cerrado,674,5712.3,0.54
2021,8,Acre,Norte,Amazônia,345,7224.8,0.62
2021,8,Rondônia,Norte,Amazônia,589,11676.2,0.52
2021,8,Bahia,Nordeste,Caatinga,429,3654.3,0.49
2021,8,Goiás,Centro-Oeste,Cerrado,347,3361.7,0.57
2021,8,Minas Gerais,Sudeste,Cerrado,534,6812.9,0.49
2021,8,Mato Grosso do Sul,Centro-Oeste,Pantanal,384,4767.0,0.54
2021,8,Piauí,Nordeste,Caatinga,431,5371.4,0.55
2021,8,São Paulo,Sudeste,Mata Atlântica,424,7047.8,0.55
2021,8,Roraima,Norte,Amazônia,310,6555.6,0.62
2021,8,Amapá,Norte,Amazônia,268,3652.0,0.48
2021,9,Pará,Norte,Amazônia,2054,41555.5,0.55
2021,9,Mato Grosso,Centro-Oeste,Amazônia,861,15778.8,0.43
2021,9,Amazonas,Norte,Amazônia,738,9568.0,0.55
2021,9,Tocantins,Norte,Cerrado,595,6706.0,0.49
2021,9,Maranhão,Nordeste,Cerrado,693,9272.7,0.59
2021,9,Acre,Norte,Amazônia,410,8732.8,0.63
2021,9,Rondônia,Norte,Amazônia,684,14518.8,0.56
2021,9,Bahia,Nordeste,Caatinga,617,6378.8,0.52
2021,9,Goiás,Centro-Oeste,Cerrado,568,9376.7,0.61
2021,9,Minas Gerais,Sudeste,Cerrado,437,4576.0,0.58
2021,9,Mato Grosso do Sul,Centro-Oeste,Pantanal,425,8038.5,0.53
2021,9,Piauí,Nordeste,Caatinga,370,7980.0,0.56
2021,9,São Paulo,Sudeste,Mata Atlântica,547,9706.1,0.53
2021,9,Roraima,Norte,Amazônia,385,4289.7,0.54
2021,9,Amapá,Norte,Amazônia,271,4417.6,0.45
2021,10,Pará,Norte,Amazônia,973,19736.8,0.53
2021,10,Mato Grosso,Centro-Oeste,Amazônia,867,17723.6,0.49
2021,10,Amazonas,Norte,Amazônia,692,10872.7,0.6
2021,10,Tocantins,Norte,Cerrado,555,7335.8,0.45
2021,10,Maranhão,Nordeste,Cerrado,638,9533.2,0.44
2021,10,Acre,Norte,Amazônia,364,7249.8,0.53
2021,10,Rondônia,Norte,Amazônia,171,2786.2,0.45
2021,10,Bahia,Nordeste,Caatinga,313,5475.1,0.6
2021,10,Goiás,Centro-Oeste,Cerrado,307,6232.4,0.55
2021,10,Minas Gerais,Sudeste,Cerrado,533,10611.0,0.61
2021,10,Mato Grosso do Sul,Centro-Oeste,Pantanal,406,8005.6,0.57
2021,10,Piauí,Nordeste,Caatinga,382,6364.3,0.61
2021,10,São Paulo,Sudeste,Mata Atlântica,304,6181.0,0.55
2021,10,Roraima,Norte,Amazônia,278,3528.3,0.53
2021,10,Amapá,Norte,Amazônia,180,3501.3,0.56
2021,11,Pará,Norte,Amazônia,576,4659.5,0.51
2021,11,Mato Grosso,Centro-Oeste,Amazônia,559,12150.8,0.29
2021,11,Amazonas,Norte,Amazônia,238,4016.5,0.47
2021,11,Tocantins,Norte,Cerrado,364,3457.2,0.43
2021,11,Maranhão,Nordeste,Cerrado,287,6165.3,0.53
2021,11,Acre,Norte,Amazônia,244,5135.8,0.29
2021,11,Rondônia,Norte,Amazônia,211,2577.0,0.42
2021,11,Bahia,Nordeste,Caatinga,160,2584.1,0.42
2021,11,Goiás,Centro-Oeste,Cerrado,264,2281.1,0.29
2021,11,Minas Gerais,Sudeste,Cerrado,256,2136.1,0.37
2021,11,Mato Grosso do Sul,Centro-Oeste,Pantanal,242,4251.0,0.4
2021,11,Piauí,Nordeste,Caatinga,111,2437.5,0.38
2021,11,São Paulo,Sudeste,Mata Atlântica,127,1306.9,0.23
2021,11,Roraima,Norte,Amazônia,160,1774.5,0.49
2021,11,Amapá,Norte,Amazônia,107,1836.5,0.36
2021,12,Pará,Norte,Amazônia,330,6999.5,0.27
2021,12,Mato Grosso,Centro-Oeste,Amazônia,389,5277.3,0.28
2021,12,Amazonas,Norte,Amazônia,219,2457.0,0.35
2021,12,Tocantins,Norte,Cerrado,133,2673.4,0.48
2021,12,Maranhão,Nordeste,Cerrado,180,1907.5,0.36
2021,12,Acre,Norte,Amazônia,127,2386.7,0.4
2021,12,Rondônia,Norte,Amazônia,149,2498.3,0.41
2021,12,Bahia,Nordeste,Caatinga,106,2030.1,0.42
2021,12,Goiás,Centro-Oeste,Cerrado,106,1033.8,0.36
2021,12,Minas Gerais,Sudeste,Cerrado,126,1361.7,0.51
2021,12,Mato Grosso do Sul,Centro-Oeste,Pantanal,98,1582.5,0.36
2021,12,Piauí,Nordeste,Caatinga,110,1358.0,0.31
2021,12,São Paulo,Sudeste,Mata Atlântica,98,883.4,0.36
2021,12,Roraima,Norte,Amazônia,79,1295.6,0.17
2021,12,Amapá,Norte,Amazônia,73,1463.0,0.28
2022,1,Pará,Norte,Amazônia,234,2664.9,0.35
2022,1,Mato Grosso,Centro-Oeste,Amazônia,345,6152.9,0.35
2022,1,Amazonas,Norte,Amazônia,149,1873.0,0.36
2022,1,Tocantins,Norte,Cerrado,119,1536.1,0.36
2022,1,Maranhão,Nordeste,Cerrado,111,1770.0,0.33
2022,1,Acre,Norte,Amazônia,116,1253.0,0.4
2022,1,Rondônia,Norte,Amazônia,141,1190.4,0.43
2022,1,Bahia,Nordeste,Caatinga,112,2261.7,0.38
2022,1,Goiás,Centro-Oeste,Cerrado,125,1594.0,0.4
2022,1,Minas Gerais,Sudeste,Cerrado,121,2352.5,0.43
2022,1,Mato Grosso do Sul,Centro-Oeste,Pantanal,128,1967.3,0.3
2022,1,Piauí,Nordeste,Caatinga,74,654.5,0.37
2022,1,São Paulo,Sudeste,Mata Atlântica,75,1515.4,0.31
2022,1,Roraima,Norte,Amazônia,57,1086.2,0.31
2022,1,Amapá,Norte,Amazônia,50,788.8,0.52
2022,2,Pará,Norte,Amazônia,202,4433.6,0.41
2022,2,Mato Grosso,Centro-Oeste,Amazônia,207,2234.3,0.36
2022,2,Amazonas,Norte,Amazônia,121,1019.9,0.36
2022,2,Tocantins,Norte,Cerrado,115,2317.9,0.21
2022,2,Maranhão,Nordeste,Cerrado,136,1898.1,0.42
2022,2,Acre,Norte,Amazônia,66,1440.6,0.23
2022,2,Rondônia,Norte,Amazônia,69,1252.6,0.51
2022,2,Bahia,Nordeste,Caatinga,87,1793.1,0.34
2022,2,Goiás,Centro-Oeste,Cerrado,65,1059.0,0.3
2022,2,Minas Gerais,Sudeste,Cerrado,129,2356.0,0.46
2022,2,Mato Grosso do Sul,Centro-Oeste,Pantanal,85,1761.7,0.29
2022,2,Piauí,Nordeste,Caatinga,61,1317.6,0.29
2022,2,São Paulo,Sudeste,Mata Atlântica,77,1146.7,0.32
2022,2,Roraima,Norte,Amazônia,66,939.5,0.32
2022,2,Amapá,Norte,Amazônia,26,423.8,0.36
2022,3,Pará,Norte,Amazônia,212,4573.2,0.25
2022,3,Mato Grosso,Centro-Oeste,Amazônia,220,2761.6,0.24
2022,3,Amazonas,Norte,Amazônia,114,2459.8,0.37
2022,3,Tocantins,Norte,Cerrado,81,731.3,0.32
2022,3,Maranhão,Nordeste,Cerrado,110,1399.0,0.24
2022,3,Acre,Norte,Amazônia,75,861.1,0.44
2022,3,Rondônia,Norte,Amazônia,115,1188.9,0.41
2022,3,Bahia,Nordeste,Caatinga,78,1142.3,0.44
2022,3,Goiás,Centro-Oeste,Cerrado,92,1489.9,0.38
2022,3,Minas Gerais,Sudeste,Cerrado,90,861.0,0.37
2022,3,Mato Grosso do Sul,Centro-Oeste,Pantanal,73,1126.9,0.34
2022,3,Piauí,Nordeste,Caatinga,62,1306.6,0.26
2022,3,São Paulo,Sudeste,Mata Atlântica,69,592.2,0.18
2022,3,Roraima,Norte,Amazônia,58,1168.7,0.38
2022,3,Amapá,Norte,Amazônia,48,712.5,0.11
2022,4,Pará,Norte,Amazônia,204,1717.6,0.38
2022,4,Mato Grosso,Centro-Oeste,Amazônia,247,2674.0,0.26
2022,4,Amazonas,Norte,Amazônia,140,1989.8,0.29
2022,4,Tocantins,Norte,Cerrado,117,2070.5,0.36
2022,4,Maranhão,Nordeste,Cerrado,115,1914.7,0.51
2022,4,Acre,Norte,Amazônia,88,741.4,0.43
2022,4,Rondônia,Norte,Amazônia,100,1747.1,0.38
2022,4,Bahia,Nordeste,Caatinga,81,1094.6,0.25
2022,4,Goiás,Centro-Oeste,Cerrado,79,1359.6,0.37
2022,4,Minas Gerais,Sudeste,Cerrado,100,2019.1,0.37
2022,4,Mato Grosso do Sul,Centro-Oeste,Pantanal,85,1558.8,0.46
2022,4,Piauí,Nordeste,Caatinga,65,817.6,0.42
2022,4,São Paulo,Sudeste,Mata Atlântica,86,1605.8,0.39
2022,4,Roraima,Norte,Amazônia,57,1108.6,0.46
2022,4,Amapá,Norte,Amazônia,44,355.5,0.26
2022,5,Pará,Norte,Amazônia,260,3522.1,0.25
2022,5,Mato Grosso,Centro-Oeste,Amazônia,231,3299.1,0.49
2022,5,Amazonas,Norte,Amazônia,157,1755.5,0.26
2022,5,Tocantins,Norte,Cerrado,166,2880.9,0.31
2022,5,Maranhão,Nordeste,Cerrado,136,1811.1,0.54
2022,5,Acre,Norte,Amazônia,114,1676.8,0.45
2022,5,Rondônia,Norte,Amazônia,97,1563.9,0.23
2022,5,Bahia,Nordeste,Caatinga,137,2563.0,0.42
2022,5,Goiás,Centro-Oeste,Cerrado,136,2907.3,0.43
2022,5,Minas Gerais,Sudeste,Cerrado,129,2706.2,0.39
2022,5,Mato Grosso do Sul,Centro-Oeste,Pantanal,92,1361.8,0.34
2022,5,Piauí,Nordeste,Caatinga,76,935.0,0.28
2022,5,São Paulo,Sudeste,Mata Atlântica,100,1235.8,0.47
2022,5,Roraima,Norte,Amazônia,103,1217.1,0.42
2022,5,Amapá,Norte,Amazônia,48,505.7,0.34
2022,6,Pará,Norte,Amazônia,367,5634.3,0.43
2022,6,Mato Grosso,Centro-Oeste,Amazônia,337,5372.6,0.41
2022,6,Amazonas,Norte,Amazônia,306,4805.2,0.38
2022,6,Tocantins,Norte,Cerrado,227,4839.6,0.35
2022,6,Maranhão,Nordeste,Cerrado,260,5298.5,0.41
2022,6,Acre,Norte,Amazônia,136,2251.3,0.33
2022,6,Rondônia,Norte,Amazônia,215,4429.1,0.36
2022,6,Bahia,Nordeste,Caatinga,103,1949.5,0.33
2022,6,Goiás,Centro-Oeste,Cerrado,193,2688.9,0.34
2022,6,Minas Gerais,Sudeste,Cerrado,164,2744.4,0.41
2022,6,Mato Grosso do Sul,Centro-Oeste,Pantanal,205,2122.2,0.29
2022,6,Piauí,Nordeste,Caatinga,138,1522.7,0.42
2022,6,São Paulo,Sudeste,Mata Atlântica,163,2551.6,0.51
2022,6,Roraima,Norte,Amazônia,100,1632.3,0.27
2022,6,Amapá,Norte,Amazônia,84,832.5,0.38
2022,7,Pará,Norte,Amazônia,554,7753.1,0.55
2022,7,Mato Grosso,Centro-Oeste,Amazônia,647,14154.8,0.51
2022,7,Amazonas,Norte,Amazônia,392,4640.6,0.55
2022,7,Tocantins,Norte,Cerrado,259,3359.2,0.37
2022,7,Maranhão,Nordeste,Cerrado,312,2791.3,0.36
2022,7,Acre,Norte,Amazônia,201,3127.6,0.48
2022,7,Rondônia,Norte,Amazônia,274,4236.4,0.49
2022,7,Bahia,Nordeste,Caatinga,153,2658.0,0.32
2022,7,Goiás,Centro-Oeste,Cerrado,320,4644.1,0.46
2022,7,Minas Gerais,Sudeste,Cerrado,276,5908.3,0.37
2022,7,Mato Grosso do Sul,Centro-Oeste,Pantanal,234,2530.3,0.35
2022,7,Piauí,Nordeste,Caatinga,151,2160.1,0.43
2022,7,São Paulo,Sudeste,Mata Atlântica,168,2907.9,0.52
2022,7,Roraima,Norte,Amazônia,146,1479.5,0.31
2022,7,Amapá,Norte,Amazônia,142,2171.7,0.43
2022,8,Pará,Norte,Amazônia,1121,20821.2,0.56
2022,8,Mato Grosso,Centro-Oeste,Amazônia,1128,21373.8,0.53
2022,8,Amazonas,Norte,Amazônia,575,7499.1,0.47
2022,8,Tocantins,Norte,Cerrado,433,5870.5,0.59
2022,8,Maranhão,Nordeste,Cerrado,863,13134.4,0.45
2022,8,Acre,Norte,Amazônia,453,9916.3,0.61
2022,8,Rondônia,Norte,Amazônia,482,10135.7,0.58
2022,8,Bahia,Nordeste,Caatinga,394,5251.5,0.54
2022,8,Goiás,Centro-Oeste,Cerrado,542,6647.9,0.59
2022,8,Minas Gerais,Sudeste,Cerrado,527,5496.3,0.48
2022,8,Mato Grosso do Sul,Centro-Oeste,Pantanal,347,7515.5,0.65
2022,8,Piauí,Nordeste,Caatinga,433,4267.4,0.58
2022,8,São Paulo,Sudeste,Mata Atlântica,561,10494.8,0.52
2022,8,Roraima,Norte,Amazônia,324,4400.3,0.44
2022,8,Amapá,Norte,Amazônia,217,1943.1,0.47
2022,9,Pará,Norte,Amazônia,1554,33444.4,0.63
2022,9,Mato Grosso,Centro-Oeste,Amazônia,883,13320.9,0.54
2022,9,Amazonas,Norte,Amazônia,703,11931.0,0.58
2022,9,Tocantins,Norte,Cerrado,844,14434.8,0.49
2022,9,Maranhão,Nordeste,Cerrado,710,6258.1,0.71
2022,9,Acre,Norte,Amazônia,484,4694.5,0.56
2022,9,Rondônia,Norte,Amazônia,547,9676.6,0.57
2022,9,Bahia,Nordeste,Caatinga,463,10164.6,0.53
2022,9,Goiás,Centro-Oeste,Cerrado,630,7741.2,0.69
2022,9,Minas Gerais,Sudeste,Cerrado,704,9831.5,0.77
2022,9,Mato Grosso do Sul,Centro-Oeste,Pantanal,382,5022.8,0.57
2022,9,Piauí,Nordeste,Caatinga,524,9573.8,0.56
2022,9,São Paulo,Sudeste,Mata Atlântica,413,3415.0,0.38
2022,9,Roraima,Norte,Amazônia,444,4404.3,0.53
2022,9,Amapá,Norte,Amazônia,203,1658.4,0.6
2022,10,Pará,Norte,Amazônia,997,15624.4,0.53
2022,10,Mato Grosso,Centro-Oeste,Amazônia,1255,11763.3,0.52
2022,10,Amazonas,Norte,Amazônia,524,6573.8,0.53
2022,10,Tocantins,Norte,Cerrado,588,7798.3,0.67
2022,10,Maranhão,Nordeste,Cerrado,491,9324.2,0.35
2022,10,Acre,Norte,Amazônia,374,6595.1,0.61
2022,10,Rondônia,Norte,Amazônia,346,6841.2,0.5
2022,10,Bahia,Nordeste,Caatinga,506,8718.9,0.48
2022,10,Goiás,Centro-Oeste,Cerrado,484,8032.0,0.59
2022,10,Minas Gerais,Sudeste,Cerrado,513,5182.5,0.47
2022,10,Mato Grosso do Sul,Centro-Oeste,Pantanal,407,7131.9,0.67
2022,10,Piauí,Nordeste,Caatinga,317,2852.2,0.54
2022,10,São Paulo,Sudeste,Mata Atlântica,311,3779.1,0.63
2022,10,Roraima,Norte,Amazônia,369,6368.6,0.48
2022,10,Amapá,Norte,Amazônia,200,1875.5,0.49
2022,11,Pará,Norte,Amazônia,737,8630.7,0.47
2022,11,Mato Grosso,Centro-Oeste,Amazônia,572,7634.6,0.52
2022,11,Amazonas,Norte,Amazônia,314,5215.6,0.39
2022,11,Tocantins,Norte,Cerrado,338,5213.4,0.51
2022,11,Maranhão,Nordeste,Cerrado,257,5581.9,0.49
2022,11,Acre,Norte,Amazônia,268,4950.8,0.56
2022,11,Rondônia,Norte,Amazônia,266,2605.0,0.5
2022,11,Bahia,Nordeste,Caatinga,200,2228.9,0.4
2022,11,Goiás,Centro-Oeste,Cerrado,187,2646.4,0.26
2022,11,Minas Gerais,Sudeste,Cerrado,281,3194.9,0.43
2022,11,Mato Grosso do Sul,Centro-Oeste,Pantanal,192,3920.1,0.39
2022,11,Piauí,Nordeste,Caatinga,129,2505.6,0.49
2022,11,São Paulo,Sudeste,Mata Atlântica,176,3268.4,0.44
2022,11,Roraima,Norte,Amazônia,185,3366.8,0.4
2022,11,Amapá,Norte,Amazônia,122,1279.0,0.51
2022,12,Pará,Norte,Amazônia,385,8132.5,0.37
2022,12,Mato Grosso,Centro-Oeste,Amazônia,332,6457.1,0.32
2022,12,Amazonas,Norte,Amazônia,201,3973.7,0.25
2022,12,Tocantins,Norte,Cerrado,192,3122.9,0.5
2022,12,Maranhão,Nordeste,Cerrado,115,1829.7,0.38
2022,12,Acre,Norte,Amazônia,144,2434.8,0.4
2022,12,Rondônia,Norte,Amazônia,129,1865.6,0.41
2022,12,Bahia,Nordeste,Caatinga,105,2016.1,0.3
2022,12,Goiás,Centro-Oeste,Cerrado,145,2648.1,0.26
2022,12,Minas Gerais,Sudeste,Cerrado,120,1557.0,0.4
2022,12,Mato Grosso do Sul,Centro-Oeste,Pantanal,126,1017.2,0.49
2022,12,Piauí,Nordeste,Caatinga,87,1862.9,0.42
2022,12,São Paulo,Sudeste,Mata Atlântica,80,806.8,0.28
2022,12,Roraima,Norte,Amazônia,102,2238.8,0.34
2022,12,Amapá,Norte,Amazônia,55,996.0,0.2
2023,1,Pará,Norte,Amazônia,262,3532.1,0.42
2023,1,Mato Grosso,Centro-Oeste,Amazônia,279,2244.6,0.29
2023,1,Amazonas,Norte,Amazônia,100,1911.9,0.45
2023,1,Tocantins,Norte,Cerrado,130,1915.4,0.28
2023,1,Maranhão,Nordeste,Cerrado,108,1740.9,0.36
2023,1,Acre,Norte,Amazônia,117,1924.5,0.5
2023,1,Rondônia,Norte,Amazônia,119,1401.5,0.39
2023,1,Bahia,Nordeste,Caatinga,75,680.9,0.45
2023,1,Goiás,Centro-Oeste,Cerrado,92,1746.9,0.31
2023,1,Minas Gerais,Sudeste,Cerrado,123,1874.7,0.4
2023,1,Mato Grosso do Sul,Centro-Oeste,Pantanal,66,831.3,0.33
2023,1,Piauí,Nordeste,Caatinga,59,654.2,0.34
2023,1,São Paulo,Sudeste,Mata Atlântica,96,2109.8,0.4
2023,1,Roraima,Norte,Amazônia,65,903.3,0.39
2023,1,Amapá,Norte,Amazônia,55,531.1,0.39
2023,2,Pará,Norte,Amazônia,260,3477.2,0.32
2023,2,Mato Grosso,Centro-Oeste,Amazônia,245,2592.8,0.46
2023,2,Amazonas,Norte,Amazônia,88,736.3,0.25
2023,2,Tocantins,Norte,Cerrado,110,1340.0,0.2
2023,2,Maranhão,Nordeste,Cerrado,122,2414.0,0.33
2023,2,Acre,Norte,Amazônia,82,1182.0,0.3
2023,2,Rondônia,Norte,Amazônia,69,629.9,0.34
2023,2,Bahia,Nordeste,Caatinga,64,903.4,0.48
2023,2,Goiás,Centro-Oeste,Cerrado,95,971.3,0.4
2023,2,Minas Gerais,Sudeste,Cerrado,74,1370.4,0.36
2023,2,Mato Grosso do Sul,Centro-Oeste,Pantanal,75,672.4,0.35
2023,2,Piauí,Nordeste,Caatinga,59,688.2,0.32
2023,2,São Paulo,Sudeste,Mata Atlântica,68,781.6,0.32
2023,2,Roraima,Norte,Amazônia,62,886.4,0.28
2023,2,Amapá,Norte,Amazônia,35,310.7,0.34
2023,3,Pará,Norte,Amazônia,113,1453.5,0.41
2023,3,Mato Grosso,Centro-Oeste,Amazônia,178,2819.9,0.35
2023,3,Amazonas,Norte,Amazônia,79,1440.3,0.3
2023,3,Tocantins,Norte,Cerrado,80,1273.2,0.38
2023,3,Maranhão,Nordeste,Cerrado,104,1718.0,0.34
2023,3,Acre,Norte,Amazônia,60,607.0,0.31
2023,3,Rondônia,Norte,Amazônia,69,1373.7,0.27
2023,3,Bahia,Nordeste,Caatinga,71,682.1,0.55
2023,3,Goiás,Centro-Oeste,Cerrado,82,733.7,0.39
2023,3,Minas Gerais,Sudeste,Cerrado,90,823.0,0.48
2023,3,Mato Grosso do Sul,Centro-Oeste,Pantanal,53,547.0,0.1
2023,3,Piauí,Nordeste,Caatinga,51,702.0,0.5
2023,3,São Paulo,Sudeste,Mata Atlântica,67,594.4,0.5
2023,3,Roraima,Norte,Amazônia,63,909.0,0.34
2023,3,Amapá,Norte,Amazônia,32,329.8,0.27
2023,4,Pará,Norte,Amazônia,261,3985.8,0.28
2023,4,Mato Grosso,Centro-Oeste,Amazônia,194,3940.9,0.32
2023,4,Amazonas,Norte,Amazônia,111,1589.2,0.38
2023,4,Tocantins,Norte,Cerrado,125,1942.7,0.33
2023,4,Maranhão,Nordeste,Cerrado,85,1461.6,0.34
2023,4,Acre,Norte,Amazônia,69,1301.2,0.43
2023,4,Rondônia,Norte,Amazônia,57,1088.7,0.36
2023,4,Bahia,Nordeste,Caatinga,86,1648.7,0.43
2023,4,Goiás,Centro-Oeste,Cerrado,93,1438.0,0.33
2023,4,Minas Gerais,Sudeste,Cerrado,98,1872.4,0.27
2023,4,Mato Grosso do Sul,Centro-Oeste,Pantanal,81,1675.6,0.31
2023,4,Piauí,Nordeste,Caatinga,56,592.4,0.31
2023,4,São Paulo,Sudeste,Mata Atlântica,68,688.8,0.4
2023,4,Roraima,Norte,Amazônia,74,678.5,0.26
2023,4,Amapá,Norte,Amazônia,40,602.9,0.36
2023,5,Pará,Norte,Amazônia,283,6163.0,0.39
2023,5,Mato Grosso,Centro-Oeste,Amazônia,295,3045.4,0.47
2023,5,Amazonas,Norte,Amazônia,153,1571.5,0.43
2023,5,Tocantins,Norte,Cerrado,144,2215.2,0.33
2023,5,Maranhão,Nordeste,Cerrado,152,1385.0,0.38
2023,5,Acre,Norte,Amazônia,86,1721.2,0.4
2023,5,Rondônia,Norte,Amazônia,118,2117.3,0.46
2023,5,Bahia,Nordeste,Caatinga,81,1579.7,0.2
2023,5,Goiás,Centro-Oeste,Cerrado,67,999.6,0.31
2023,5,Minas Gerais,Sudeste,Cerrado,110,1147.6,0.43
2023,5,Mato Grosso do Sul,Centro-Oeste,Pantanal,109,1025.6,0.4
2023,5,Piauí,Nordeste,Caatinga,72,926.7,0.32
2023,5,São Paulo,Sudeste,Mata Atlântica,111,1899.9,0.33
2023,5,Roraima,Norte,Amazônia,52,1028.6,0.45
2023,5,Amapá,Norte,Amazônia,55,928.3,0.35
2023,6,Pará,Norte,Amazônia,422,5296.7,0.31
2023,6,Mato Grosso,Centro-Oeste,Amazônia,308,3218.1,0.39
2023,6,Amazonas,Norte,Amazônia,202,3983.2,0.42
2023,6,Tocantins,Norte,Cerrado,229,4057.4,0.27
2023,6,Maranhão,Nordeste,Cerrado,123,1350.2,0.38
2023,6,Acre,Norte,Amazônia,151,3049.7,0.39
2023,6,Rondônia,Norte,Amazônia,179,3098.5,0.43
2023,6,Bahia,Nordeste,Caatinga,127,2208.6,0.36
2023,6,Goiás,Centro-Oeste,Cerrado,124,1768.1,0.39
2023,6,Minas Gerais,Sudeste,Cerrado,199,3115.0,0.37
2023,6,Mato Grosso do Sul,Centro-Oeste,Pantanal,136,1298.8,0.37
2023,6,Piauí,Nordeste,Caatinga,100,1835.9,0.37
2023,6,São Paulo,Sudeste,Mata Atlântica,114,2281.9,0.41
2023,6,Roraima,Norte,Amazônia,108,2004.0,0.35
2023,6,Amapá,Norte,Amazônia,82,979.2,0.33
2023,7,Pará,Norte,Amazônia,614,5741.8,0.56
2023,7,Mato Grosso,Centro-Oeste,Amazônia,323,5289.8,0.38
2023,7,Amazonas,Norte,Amazônia,256,4711.6,0.32
2023,7,Tocantins,Norte,Cerrado,310,5054.6,0.48
2023,7,Maranhão,Nordeste,Cerrado,271,5182.6,0.4
2023,7,Acre,Norte,Amazônia,204,4475.0,0.37
2023,7,Rondônia,Norte,Amazônia,233,2071.6,0.5
2023,7,Bahia,Nordeste,Caatinga,183,1758.5,0.5
2023,7,Goiás,Centro-Oeste,Cerrado,257,5218.6,0.45
2023,7,Minas Gerais,Sudeste,Cerrado,270,3787.0,0.62
2023,7,Mato Grosso do Sul,Centro-Oeste,Pantanal,167,3145.3,0.26
2023,7,Piauí,Nordeste,Caatinga,186,2642.6,0.43
2023,7,São Paulo,Sudeste,Mata Atlântica,222,3615.0,0.51
2023,7,Roraima,Norte,Amazônia,117,1775.3,0.47
2023,7,Amapá,Norte,Amazônia,99,1467.9,0.34
2023,8,Pará,Norte,Amazônia,1239,20330.9,0.53
2023,8,Mato Grosso,Centro-Oeste,Amazônia,986,16641.2,0.65
2023,8,Amazonas,Norte,Amazônia,621,8114.0,0.5
2023,8,Tocantins,Norte,Cerrado,512,5099.7,0.51
2023,8,Maranhão,Nordeste,Cerrado,531,5705.8,0.35
2023,8,Acre,Norte,Amazônia,293,3193.1,0.58
2023,8,Rondônia,Norte,Amazônia,443,3591.5,0.52
2023,8,Bahia,Nordeste,Caatinga,326,6271.0,0.46
2023,8,Goiás,Centro-Oeste,Cerrado,475,5751.7,0.74
2023,8,Minas Gerais,Sudeste,Cerrado,469,4323.9,0.57
2023,8,Mato Grosso do Sul,Centro-Oeste,Pantanal,319,4093.8,0.54
2023,8,Piauí,Nordeste,Caatinga,385,5740.2,0.52
2023,8,São Paulo,Sudeste,Mata Atlântica,320,4327.7,0.47
2023,8,Roraima,Norte,Amazônia,194,4017.1,0.39
2023,8,Amapá,Norte,Amazônia,236,2910.2,0.64
2023,9,Pará,Norte,Amazônia,1249,14496.5,0.57
2023,9,Mato Grosso,Centro-Oeste,Amazônia,1193,21011.4,0.51
2023,9,Amazonas,Norte,Amazônia,716,10301.3,0.49
2023,9,Tocantins,Norte,Cerrado,574,7958.7,0.53
2023,9,Maranhão,Nordeste,Cerrado,641,5847.5,0.56
2023,9,Acre,Norte,Amazônia,522,9061.9,0.54
2023,9,Rondônia,Norte,Amazônia,439,7160.6,0.67
2023,9,Bahia,Nordeste,Caatinga,425,8598.5,0.62
2023,9,Goiás,Centro-Oeste,Cerrado,462,9533.1,0.59
2023,9,Minas Gerais,Sudeste,Cerrado,580,5794.2,0.5
2023,9,Mato Grosso do Sul,Centro-Oeste,Pantanal,448,5434.5,0.54
2023,9,Piauí,Nordeste,Caatinga,567,4883.2,0.52
2023,9,São Paulo,Sudeste,Mata Atlântica,422,5403.4,0.48
2023,9,Roraima,Norte,Amazônia,394,7816.4,0.66
2023,9,Amapá,Norte,Amazônia,217,3780.5,0.7
2023,10,Pará,Norte,Amazônia,896,17065.0,0.42
2023,10,Mato Grosso,Centro-Oeste,Amazônia,1148,22402.0,0.48
2023,10,Amazonas,Norte,Amazônia,399,6444.2,0.45
2023,10,Tocantins,Norte,Cerrado,666,11906.9,0.37
2023,10,Maranhão,Nordeste,Cerrado,426,4403.2,0.62
2023,10,Acre,Norte,Amazônia,302,6179.3,0.49
2023,10,Rondônia,Norte,Amazônia,357,2983.2,0.47
2023,10,Bahia,Nordeste,Caatinga,400,5107.4,0.62
2023,10,Goiás,Centro-Oeste,Cerrado,399,4930.5,0.45
2023,10,Minas Gerais,Sudeste,Cerrado,532,6971.5,0.63
2023,10,Mato Grosso do Sul,Centro-Oeste,Pantanal,477,4754.6,0.47
2023,10,Piauí,Nordeste,Caatinga,276,4161.1,0.5
2023,10,São Paulo,Sudeste,Mata Atlântica,318,2717.6,0.54
2023,10,Roraima,Norte,Amazônia,265,2713.7,0.47
2023,10,Amapá,Norte,Amazônia,131,2698.8,0.48
2023,11,Pará,Norte,Amazônia,607,9979.8,0.38
2023,11,Mato Grosso,Centro-Oeste,Amazônia,331,4225.4,0.28
2023,11,Amazonas,Norte,Amazônia,233,3670.2,0.41
2023,11,Tocantins,Norte,Cerrado,346,6806.2,0.42
2023,11,Maranhão,Nordeste,Cerrado,175,2035.4,0.36
2023,11,Acre,Norte,Amazônia,146,3143.4,0.33
2023,11,Rondônia,Norte,Amazônia,139,2241.6,0.46
2023,11,Bahia,Nordeste,Caatinga,156,2615.7,0.31
2023,11,Goiás,Centro-Oeste,Cerrado,111,2432.4,0.38
2023,11,Minas Gerais,Sudeste,Cerrado,238,3801.2,0.47
2023,11,Mato Grosso do Sul,Centro-Oeste,Pantanal,138,1867.4,0.44
2023,11,Piauí,Nordeste,Caatinga,150,2340.4,0.36
2023,11,São Paulo,Sudeste,Mata Atlântica,169,2614.0,0.44
2023,11,Roraima,Norte,Amazônia,126,2409.0,0.42
2023,11,Amapá,Norte,Amazônia,108,2291.4,0.37
2023,12,Pará,Norte,Amazônia,316,6867.9,0.27
2023,12,Mato Grosso,Centro-Oeste,Amazônia,331,5376.2,0.36
2023,12,Amazonas,Norte,Amazônia,131,1420.7,0.29
2023,12,Tocantins,Norte,Cerrado,144,2182.7,0.47
2023,12,Maranhão,Nordeste,Cerrado,231,4647.3,0.34
2023,12,Acre,Norte,Amazônia,112,2193.5,0.38
2023,12,Rondônia,Norte,Amazônia,139,2972.5,0.48
2023,12,Bahia,Nordeste,Caatinga,93,1855.9,0.35
2023,12,Goiás,Centro-Oeste,Cerrado,148,3034.5,0.34
2023,12,Minas Gerais,Sudeste,Cerrado,150,2515.8,0.13
2023,12,Mato Grosso do Sul,Centro-Oeste,Pantanal,144,2609.0,0.34
2023,12,Piauí,Nordeste,Caatinga,78,950.9,0.39
2023,12,São Paulo,Sudeste,Mata Atlântica,117,1392.6,0.32
2023,12,Roraima,Norte,Amazônia,94,1139.7,0.4
2023,12,Amapá,Norte,Amazônia,63,630.0,0.42
2024,1,Pará,Norte,Amazônia,558,9608.5,0.45
2024,1,Mato Grosso,Centro-Oeste,Amazônia,458,7598.4,0.43
2024,1,Amazonas,Norte,Amazônia,267,2426.3,0.32
2024,1,Tocantins,Norte,Cerrado,172,1535.0,0.26
2024,1,Maranhão,Nordeste,Cerrado,200,3863.1,0.37
2024,1,Acre,Norte,Amazônia,171,2085.2,0.44
2024,1,Rondônia,Norte,Amazônia,195,3729.0,0.33
2024,1,Bahia,Nordeste,Caatinga,141,1271.9,0.4
2024,1,Goiás,Centro-Oeste,Cerrado,131,1474.2,0.33
2024,1,Minas Gerais,Sudeste,Cerrado,237,4979.2,0.34
2024,1,Mato Grosso do Sul,Centro-Oeste,Pantanal,185,2312.7,0.38
2024,1,Piauí,Nordeste,Caatinga,98,1662.7,0.38
2024,1,São Paulo,Sudeste,Mata Atlântica,148,1925.4,0.41
2024,1,Roraima,Norte,Amazônia,103,2105.4,0.42
2024,1,Amapá,Norte,Amazônia,40,648.1,0.41
2024,2,Pará,Norte,Amazônia,369,6478.4,0.39
2024,2,Mato Grosso,Centro-Oeste,Amazônia,407,7942.8,0.3
2024,2,Amazonas,Norte,Amazônia,239,3652.5,0.49
2024,2,Tocantins,Norte,Cerrado,224,2643.1,0.34
2024,2,Maranhão,Nordeste,Cerrado,134,1323.1,0.38
2024,2,Acre,Norte,Amazônia,132,2439.5,0.39
2024,2,Rondônia,Norte,Amazônia,148,1756.2,0.38
2024,2,Bahia,Nordeste,Caatinga,118,2330.6,0.39
2024,2,Goiás,Centro-Oeste,Cerrado,134,1263.2,0.47
2024,2,Minas Gerais,Sudeste,Cerrado,133,2633.1,0.31
2024,2,Mato Grosso do Sul,Centro-Oeste,Pantanal,163,3339.3,0.33
2024,2,Piauí,Nordeste,Caatinga,135,1793.1,0.37
2024,2,São Paulo,Sudeste,Mata Atlântica,124,1665.0,0.54
2024,2,Roraima,Norte,Amazônia,131,1056.0,0.45
2024,2,Amapá,Norte,Amazônia,82,1421.0,0.31
2024,3,Pará,Norte,Amazônia,396,4820.4,0.39
2024,3,Mato Grosso,Centro-Oeste,Amazônia,344,5854.2,0.35
2024,3,Amazonas,Norte,Amazônia,209,4471.6,0.34
2024,3,Tocantins,Norte,Cerrado,95,1368.7,0.38
2024,3,Maranhão,Nordeste,Cerrado,168,2213.8,0.28
2024,3,Acre,Norte,Amazônia,167,3324.1,0.35
2024,3,Rondônia,Norte,Amazônia,173,2527.9,0.28
2024,3,Bahia,Nordeste,Caatinga,111,1941.3,0.4
2024,3,Goiás,Centro-Oeste,Cerrado,106,1050.7,0.44
2024,3,Minas Gerais,Sudeste,Cerrado,201,2496.2,0.44
2024,3,Mato Grosso do Sul,Centro-Oeste,Pantanal,101,1816.5,0.51
2024,3,Piauí,Nordeste,Caatinga,113,1358.7,0.36
2024,3,São Paulo,Sudeste,Mata Atlântica,105,1003.9,0.36
2024,3,Roraima,Norte,Amazônia,66,1300.0,0.38
2024,3,Amapá,Norte,Amazônia,67,998.3,0.29
2024,4,Pará,Norte,Amazônia,477,7790.3,0.19
2024,4,Mato Grosso,Centro-Oeste,Amazônia,354,7607.1,0.36
2024,4,Amazonas,Norte,Amazônia,313,3870.6,0.4
2024,4,Tocantins,Norte,Cerrado,236,3610.4,0.44
2024,4,Maranhão,Nordeste,Cerrado,192,2249.9,0.39
2024,4,Acre,Norte,Amazônia,149,1918.1,0.5
2024,4,Rondônia,Norte,Amazônia,197,4262.8,0.27
2024,4,Bahia,Nordeste,Caatinga,129,2441.4,0.4
2024,4,Goiás,Centro-Oeste,Cerrado,93,1138.4,0.3
2024,4,Minas Gerais,Sudeste,Cerrado,172,3175.8,0.25
2024,4,Mato Grosso do Sul,Centro-Oeste,Pantanal,120,2569.1,0.38
2024,4,Piauí,Nordeste,Caatinga,117,2513.0,0.4
2024,4,São Paulo,Sudeste,Mata Atlântica,120,1338.6,0.33
2024,4,Roraima,Norte,Amazônia,97,1621.2,0.35
2024,4,Amapá,Norte,Amazônia,80,804.6,0.49
2024,5,Pará,Norte,Amazônia,608,8168.1,0.5
2024,5,Mato Grosso,Centro-Oeste,Amazônia,374,4799.4,0.47
2024,5,Amazonas,Norte,Amazônia,293,4271.9,0.44
2024,5,Tocantins,Norte,Cerrado,295,2616.9,0.45
2024,5,Maranhão,Nordeste,Cerrado,227,2242.7,0.57
2024,5,Acre,Norte,Amazônia,196,2231.8,0.45
2024,5,Rondônia,Norte,Amazônia,304,2756.5,0.41
2024,5,Bahia,Nordeste,Caatinga,192,2771.6,0.36
2024,5,Goiás,Centro-Oeste,Cerrado,127,1094.1,0.53
2024,5,Minas Gerais,Sudeste,Cerrado,225,2458.9,0.31
2024,5,Mato Grosso do Sul,Centro-Oeste,Pantanal,169,3624.8,0.45
2024,5,Piauí,Nordeste,Caatinga,157,1826.5,0.43
2024,5,São Paulo,Sudeste,Mata Atlântica,228,2057.3,0.3
2024,5,Roraima,Norte,Amazônia,143,1524.6,0.41
2024,5,Amapá,Norte,Amazônia,108,2009.1,0.41
2024,6,Pará,Norte,Amazônia,755,13632.8,0.35
2024,6,Mato Grosso,Centro-Oeste,Amazônia,736,12756.7,0.34
2024,6,Amazonas,Norte,Amazônia,439,8254.4,0.35
2024,6,Tocantins,Norte,Cerrado,362,2941.8,0.44
2024,6,Maranhão,Nordeste,Cerrado,409,4581.4,0.43
2024,6,Acre,Norte,Amazônia,208,2600.7,0.49
2024,6,Rondônia,Norte,Amazônia,332,3099.4,0.5
2024,6,Bahia,Nordeste,Caatinga,212,3123.3,0.44
2024,6,Goiás,Centro-Oeste,Cerrado,249,2999.1,0.47
2024,6,Minas Gerais,Sudeste,Cerrado,365,7995.5,0.43
2024,6,Mato Grosso do Sul,Centro-Oeste,Pantanal,191,3544.9,0.32
2024,6,Piauí,Nordeste,Caatinga,142,2701.6,0.53
2024,6,São Paulo,Sudeste,Mata Atlântica,247,3216.0,0.32
2024,6,Roraima,Norte,Amazônia,149,1591.7,0.5
2024,6,Amapá,Norte,Amazônia,100,854.5,0.45
2024,7,Pará,Norte,Amazônia,1034,22030.8,0.57
2024,7,Mato Grosso,Centro-Oeste,Amazônia,685,11043.1,0.67
2024,7,Amazonas,Norte,Amazônia,792,9468.3,0.52
2024,7,Tocantins,Norte,Cerrado,636,13515.2,0.49
2024,7,Maranhão,Nordeste,Cerrado,517,9784.3,0.58
2024,7,Acre,Norte,Amazônia,365,3965.9,0.23
2024,7,Rondônia,Norte,Amazônia,345,4361.5,0.54
2024,7,Bahia,Nordeste,Caatinga,312,2806.8,0.55
2024,7,Goiás,Centro-Oeste,Cerrado,225,4354.3,0.53
2024,7,Minas Gerais,Sudeste,Cerrado,428,7580.2,0.59
2024,7,Mato Grosso do Sul,Centro-Oeste,Pantanal,413,4180.5,0.61
2024,7,Piauí,Nordeste,Caatinga,318,3801.6,0.59
2024,7,São Paulo,Sudeste,Mata Atlântica,304,2976.2,0.5
2024,7,Roraima,Norte,Amazônia,313,2743.4,0.31
2024,7,Amapá,Norte,Amazônia,161,1807.4,0.42
2024,8,Pará,Norte,Amazônia,2721,54087.9,0.79
2024,8,Mato Grosso,Centro-Oeste,Amazônia,1307,16408.3,0.67
2024,8,Amazonas,Norte,Amazônia,1418,14949.4,0.77
2024,8,Tocantins,Norte,Cerrado,1273,24560.9,0.7
2024,8,Maranhão,Nordeste,Cerrado,1352,23327.7,0.58
2024,8,Acre,Norte,Amazônia,793,14218.9,0.66
2024,8,Rondônia,Norte,Amazônia,969,15671.5,0.68
2024,8,Bahia,Nordeste,Caatinga,747,9077.4,0.6
2024,8,Goiás,Centro-Oeste,Cerrado,996,9397.5,0.79
2024,8,Minas Gerais,Sudeste,Cerrado,1274,16778.5,0.97
2024,8,Mato Grosso do Sul,Centro-Oeste,Pantanal,880,12728.3,0.8
2024,8,Piauí,Nordeste,Caatinga,650,11833.7,0.76
2024,8,São Paulo,Sudeste,Mata Atlântica,618,11926.8,0.78
2024,8,Roraima,Norte,Amazônia,501,6362.0,0.63
2024,8,Amapá,Norte,Amazônia,478,7585.4,0.8
2024,9,Pará,Norte,Amazônia,2647,35277.2,0.85
2024,9,Mato Grosso,Centro-Oeste,Amazônia,2437,44553.8,0.76
2024,9,Amazonas,Norte,Amazônia,1380,27249.4,0.79
2024,9,Tocantins,Norte,Cerrado,1310,14789.4,0.84
2024,9,Maranhão,Nordeste,Cerrado,1476,23099.4,0.85
2024,9,Acre,Norte,Amazônia,1231,24714.7,0.8
2024,9,Rondônia,Norte,Amazônia,1154,18161.5,0.76
2024,9,Bahia,Nordeste,Caatinga,652,13114.4,0.78
2024,9,Goiás,Centro-Oeste,Cerrado,920,11095.8,0.73
2024,9,Minas Gerais,Sudeste,Cerrado,1188,22754.4,0.86
2024,9,Mato Grosso do Sul,Centro-Oeste,Pantanal,982,15716.4,0.69
2024,9,Piauí,Nordeste,Caatinga,751,9032.2,0.75
2024,9,São Paulo,Sudeste,Mata Atlântica,647,10803.7,0.69
2024,9,Roraima,Norte,Amazônia,807,11026.4,0.73
2024,9,Amapá,Norte,Amazônia,431,7584.0,0.66
2024,10,Pará,Norte,Amazônia,1929,25530.1,0.68
2024,10,Mato Grosso,Centro-Oeste,Amazônia,1829,31825.9,0.73
2024,10,Amazonas,Norte,Amazônia,905,12540.3,0.74
2024,10,Tocantins,Norte,Cerrado,968,11509.5,0.72
2024,10,Maranhão,Nordeste,Cerrado,912,19813.3,0.56
2024,10,Acre,Norte,Amazônia,736,7736.2,0.63
2024,10,Rondônia,Norte,Amazônia,1065,19024.9,0.65
2024,10,Bahia,Nordeste,Caatinga,419,5684.4,0.62
2024,10,Goiás,Centro-Oeste,Cerrado,676,9979.5,0.64
2024,10,Minas Gerais,Sudeste,Cerrado,733,12603.6,0.61
2024,10,Mato Grosso do Sul,Centro-Oeste,Pantanal,701,6363.5,0.73
2024,10,Piauí,Nordeste,Caatinga,528,8652.1,0.67
2024,10,São Paulo,Sudeste,Mata Atlântica,797,9359.7,0.79
2024,10,Roraima,Norte,Amazônia,599,10717.8,0.6
2024,10,Amapá,Norte,Amazônia,269,3172.9,0.77
2024,11,Pará,Norte,Amazônia,1237,26291.5,0.52
2024,11,Mato Grosso,Centro-Oeste,Amazônia,854,13857.2,0.52
2024,11,Amazonas,Norte,Amazônia,683,9366.7,0.59
2024,11,Tocantins,Norte,Cerrado,527,6083.4,0.48
2024,11,Maranhão,Nordeste,Cerrado,553,7513.3,0.49
2024,11,Acre,Norte,Amazônia,340,5920.9,0.53
2024,11,Rondônia,Norte,Amazônia,416,3867.5,0.48
2024,11,Bahia,Nordeste,Caatinga,331,4659.3,0.51
2024,11,Goiás,Centro-Oeste,Cerrado,366,6634.9,0.37
2024,11,Minas Gerais,Sudeste,Cerrado,440,7297.9,0.49
2024,11,Mato Grosso do Sul,Centro-Oeste,Pantanal,264,4751.1,0.55
2024,11,Piauí,Nordeste,Caatinga,311,2547.8,0.54
2024,11,São Paulo,Sudeste,Mata Atlântica,269,3171.9,0.44
2024,11,Roraima,Norte,Amazônia,341,5624.5,0.47
2024,11,Amapá,Norte,Amazônia,168,3581.9,0.52
2024,12,Pará,Norte,Amazônia,673,13138.2,0.45
2024,12,Mato Grosso,Centro-Oeste,Amazônia,540,5834.1,0.48
2024,12,Amazonas,Norte,Amazônia,433,7937.3,0.47
2024,12,Tocantins,Norte,Cerrado,270,3562.8,0.42
2024,12,Maranhão,Nordeste,Cerrado,309,4800.8,0.48
2024,12,Acre,Norte,Amazônia,188,3860.6,0.31
2024,12,Rondônia,Norte,Amazônia,301,4322.6,0.47
2024,12,Bahia,Nordeste,Caatinga,142,2538.5,0.47
2024,12,Goiás,Centro-Oeste,Cerrado,169,2888.3,0.26
2024,12,Minas Gerais,Sudeste,Cerrado,237,3368.9,0.49
2024,12,Mato Grosso do Sul,Centro-Oeste,Pantanal,181,2692.4,0.42
2024,12,Piauí,Nordeste,Caatinga,160,2747.6,0.53
2024,12,São Paulo,Sudeste,Mata Atlântica,164,1680.4,0.38
2024,12,Roraima,Norte,Amazônia,179,3472.2,0.45
2024,12,Amapá,Norte,Amazônia,98,1180.8,0.44
2025,1,Pará,Norte,Amazônia,266,4045.9,0.3
2025,1,Mato Grosso,Centro-Oeste,Amazônia,172,2227.9,0.41
2025,1,Amazonas,Norte,Amazônia,197,2424.9,0.41
2025,1,Tocantins,Norte,Cerrado,131,1975.3,0.25
2025,1,Maranhão,Nordeste,Cerrado,152,2393.6,0.29
2025,1,Acre,Norte,Amazônia,86,1722.0,0.36
2025,1,Rondônia,Norte,Amazônia,154,3083.5,0.4
2025,1,Bahia,Nordeste,Caatinga,92,1522.4,0.49
2025,1,Goiás,Centro-Oeste,Cerrado,136,1429.3,0.29
2025,1,Minas Gerais,Sudeste,Cerrado,112,1080.3,0.42
2025,1,Mato Grosso do Sul,Centro-Oeste,Pantanal,128,1946.8,0.44
2025,1,Piauí,Nordeste,Caatinga,87,1127.5,0.4
2025,1,São Paulo,Sudeste,Mata Atlântica,95,1450.6,0.34
2025,1,Roraima,Norte,Amazônia,61,537.3,0.41
2025,1,Amapá,Norte,Amazônia,44,487.2,0.32
2025,2,Pará,Norte,Amazônia,289,4565.1,0.39
2025,2,Mato Grosso,Centro-Oeste,Amazônia,172,2678.5,0.2
2025,2,Amazonas,Norte,Amazônia,186,1935.1,0.44
2025,2,Tocantins,Norte,Cerrado,74,1493.9,0.35
2025,2,Maranhão,Nordeste,Cerrado,149,1432.7,0.53
2025,2,Acre,Norte,Amazônia,82,1043.1,0.37
2025,2,Rondônia,Norte,Amazônia,122,1328.3,0.29
2025,2,Bahia,Nordeste,Caatinga,98,1064.3,0.33
2025,2,Goiás,Centro-Oeste,Cerrado,55,454.0,0.37
2025,2,Minas Gerais,Sudeste,Cerrado,175,2939.6,0.26
2025,2,Mato Grosso do Sul,Centro-Oeste,Pantanal,75,610.5,0.42
2025,2,Piauí,Nordeste,Caatinga,83,1635.6,0.49
2025,2,São Paulo,Sudeste,Mata Atlântica,90,1331.2,0.38
2025,2,Roraima,Norte,Amazônia,84,1202.7,0.3
2025,2,Amapá,Norte,Amazônia,54,1099.2,0.33
2025,3,Pará,Norte,Amazônia,226,3035.1,0.34
2025,3,Mato Grosso,Centro-Oeste,Amazônia,213,3319.5,0.43
2025,3,Amazonas,Norte,Amazônia,129,1710.1,0.37
2025,3,Tocantins,Norte,Cerrado,125,2745.1,0.46
2025,3,Maranhão,Nordeste,Cerrado,84,930.9,0.4
2025,3,Acre,Norte,Amazônia,71,636.3,0.23
2025,3,Rondônia,Norte,Amazônia,94,1703.1,0.17
2025,3,Bahia,Nordeste,Caatinga,97,787.4,0.43
2025,3,Goiás,Centro-Oeste,Cerrado,112,1654.9,0.26
2025,3,Minas Gerais,Sudeste,Cerrado,116,1035.9,0.47
2025,3,Mato Grosso do Sul,Centro-Oeste,Pantanal,94,1781.1,0.47
2025,3,Piauí,Nordeste,Caatinga,84,1281.2,0.4
2025,3,São Paulo,Sudeste,Mata Atlântica,85,1418.4,0.28
2025,3,Roraima,Norte,Amazônia,57,611.6,0.39
2025,3,Amapá,Norte,Amazônia,50,1035.8,0.39
2025,4,Pará,Norte,Amazônia,311,5336.1,0.47
2025,4,Mato Grosso,Centro-Oeste,Amazônia,249,4196.5,0.43
2025,4,Amazonas,Norte,Amazônia,153,2758.5,0.26
2025,4,Tocantins,Norte,Cerrado,120,1487.2,0.3
2025,4,Maranhão,Nordeste,Cerrado,117,1631.9,0.3
2025,4,Acre,Norte,Amazônia,99,1052.5,0.43
2025,4,Rondônia,Norte,Amazônia,117,1563.0,0.32
2025,4,Bahia,Nordeste,Caatinga,92,1761.6,0.44
2025,4,Goiás,Centro-Oeste,Cerrado,125,1462.1,0.27
2025,4,Minas Gerais,Sudeste,Cerrado,122,1530.3,0.4
2025,4,Mato Grosso do Sul,Centro-Oeste,Pantanal,79,1400.3,0.3
2025,4,Piauí,Nordeste,Caatinga,85,994.9,0.24
2025,4,São Paulo,Sudeste,Mata Atlântica,101,1908.1,0.4
2025,4,Roraima,Norte,Amazônia,61,563.5,0.4
2025,4,Amapá,Norte,Amazônia,42,590.2,0.47
2025,5,Pará,Norte,Amazônia,401,3426.8,0.25
2025,5,Mato Grosso,Centro-Oeste,Amazônia,249,5122.1,0.46
2025,5,Amazonas,Norte,Amazônia,195,4019.6,0.43
2025,5,Tocantins,Norte,Cerrado,173,2780.8,0.42
2025,5,Maranhão,Nordeste,Cerrado,206,4122.5,0.42
2025,5,Acre,Norte,Amazônia,129,1266.9,0.33
2025,5,Rondônia,Norte,Amazônia,150,2845.9,0.36
2025,5,Bahia,Nordeste,Caatinga,76,1304.2,0.42
2025,5,Goiás,Centro-Oeste,Cerrado,159,2968.9,0.48
2025,5,Minas Gerais,Sudeste,Cerrado,189,3164.7,0.53
2025,5,Mato Grosso do Sul,Centro-Oeste,Pantanal,130,2097.3,0.45
2025,5,Piauí,Nordeste,Caatinga,139,1869.4,0.33
2025,5,São Paulo,Sudeste,Mata Atlântica,123,2582.3,0.26
2025,5,Roraima,Norte,Amazônia,90,1384.9,0.42
2025,5,Amapá,Norte,Amazônia,75,1222.8,0.44
2025,6,Pará,Norte,Amazônia,513,8950.3,0.35
2025,6,Mato Grosso,Centro-Oeste,Amazônia,357,7562.6,0.52
2025,6,Amazonas,Norte,Amazônia,285,5036.6,0.3
2025,6,Tocantins,Norte,Cerrado,307,3639.2,0.51
2025,6,Maranhão,Nordeste,Cerrado,267,4376.2,0.32
2025,6,Acre,Norte,Amazônia,200,2874.5,0.33
2025,6,Rondônia,Norte,Amazônia,243,2521.4,0.44
2025,6,Bahia,Nordeste,Caatinga,199,3927.1,0.47
2025,6,Goiás,Centro-Oeste,Cerrado,162,2207.5,0.64
2025,6,Minas Gerais,Sudeste,Cerrado,227,2696.3,0.31
2025,6,Mato Grosso do Sul,Centro-Oeste,Pantanal,176,2868.8,0.46
2025,6,Piauí,Nordeste,Caatinga,133,1123.1,0.39
2025,6,São Paulo,Sudeste,Mata Atlântica,133,2193.9,0.39
2025,6,Roraima,Norte,Amazônia,103,2068.4,0.45
2025,6,Amapá,Norte,Amazônia,90,1649.2,0.41
2025,7,Pará,Norte,Amazônia,877,19260.1,0.39
2025,7,Mato Grosso,Centro-Oeste,Amazônia,675,9794.3,0.45
2025,7,Amazonas,Norte,Amazônia,377,8163.9,0.43
2025,7,Tocantins,Norte,Cerrado,401,8473.7,0.47
2025,7,Maranhão,Nordeste,Cerrado,349,3139.1,0.38
2025,7,Acre,Norte,Amazônia,233,3394.2,0.39
2025,7,Rondônia,Norte,Amazônia,275,2844.8,0.42
2025,7,Bahia,Nordeste,Caatinga,157,3010.6,0.41
2025,7,Goiás,Centro-Oeste,Cerrado,225,2532.4,0.36
2025,7,Minas Gerais,Sudeste,Cerrado,295,3827.5,0.4
2025,7,Mato Grosso do Sul,Centro-Oeste,Pantanal,228,2495.9,0.46
2025,7,Piauí,Nordeste,Caatinga,197,2521.0,0.47
2025,7,São Paulo,Sudeste,Mata Atlântica,225,2752.6,0.37
2025,7,Roraima,Norte,Amazônia,234,2321.3,0.47
2025,7,Amapá,Norte,Amazônia,140,1402.4,0.66
2025,8,Pará,Norte,Amazônia,1123,16653.7,0.65
2025,8,Mato Grosso,Centro-Oeste,Amazônia,1266,15559.8,0.52
2025,8,Amazonas,Norte,Amazônia,654,11870.2,0.4
2025,8,Tocantins,Norte,Cerrado,1005,18973.1,0.65
2025,8,Maranhão,Nordeste,Cerrado,671,10422.2,0.65
2025,8,Acre,Norte,Amazônia,502,5387.6,0.65
2025,8,Rondônia,Norte,Amazônia,790,11767.8,0.58
2025,8,Bahia,Nordeste,Caatinga,555,7248.1,0.58
2025,8,Goiás,Centro-Oeste,Cerrado,546,6877.0,0.67
2025,8,Minas Gerais,Sudeste,Cerrado,813,7938.2,0.56
2025,8,Mato Grosso do Sul,Centro-Oeste,Pantanal,522,8409.6,0.48
2025,8,Piauí,Nordeste,Caatinga,592,6640.8,0.57
2025,8,São Paulo,Sudeste,Mata Atlântica,282,4868.3,0.65
2025,8,Roraima,Norte,Amazônia,392,4152.8,0.5
2025,8,Amapá,Norte,Amazônia,227,2397.1,0.53
2025,9,Pará,Norte,Amazônia,1618,33945.2,0.71
2025,9,Mato Grosso,Centro-Oeste,Amazônia,1544,15443.1,0.67
2025,9,Amazonas,Norte,Amazônia,1204,15824.7,0.6
2025,9,Tocantins,Norte,Cerrado,916,18165.8,0.57
2025,9,Maranhão,Nordeste,Cerrado,779,13569.2,0.68
2025,9,Acre,Norte,Amazônia,551,11150.6,0.58
2025,9,Rondônia,Norte,Amazônia,609,4877.6,0.57
2025,9,Bahia,Nordeste,Caatinga,567,9515.7,0.67
2025,9,Goiás,Centro-Oeste,Cerrado,604,8707.6,0.68
2025,9,Minas Gerais,Sudeste,Cerrado,657,9727.4,0.62
2025,9,Mato Grosso do Sul,Centro-Oeste,Pantanal,492,5576.4,0.59
2025,9,Piauí,Nordeste,Caatinga,496,7206.0,0.71
2025,9,São Paulo,Sudeste,Mata Atlântica,479,7099.6,0.68
2025,9,Roraima,Norte,Amazônia,605,13306.3,0.53
2025,9,Amapá,Norte,Amazônia,292,5719.0,0.75
2025,10,Pará,Norte,Amazônia,1264,19147.2,0.48
2025,10,Mato Grosso,Centro-Oeste,Amazônia,1371,20754.1,0.58
2025,10,Amazonas,Norte,Amazônia,688,5840.3,0.57
2025,10,Tocantins,Norte,Cerrado,442,8728.8,0.71
2025,10,Maranhão,Nordeste,Cerrado,490,4260.4,0.54
2025,10,Acre,Norte,Amazônia,445,7349.8,0.59
2025,10,Rondônia,Norte,Amazônia,483,6431.9,0.52
2025,10,Bahia,Nordeste,Caatinga,390,7219.2,0.67
2025,10,Goiás,Centro-Oeste,Cerrado,570,6450.7,0.53
2025,10,Minas Gerais,Sudeste,Cerrado,668,14033.4,0.72
2025,10,Mato Grosso do Sul,Centro-Oeste,Pantanal,413,3414.8,0.55
2025,10,Piauí,Nordeste,Caatinga,403,7597.9,0.67
2025,10,São Paulo,Sudeste,Mata Atlântica,371,3124.4,0.47
2025,10,Roraima,Norte,Amazônia,360,7583.4,0.59
2025,10,Amapá,Norte,Amazônia,287,5022.2,0.45
2025,11,Pará,Norte,Amazônia,819,17412.2,0.4
2025,11,Mato Grosso,Centro-Oeste,Amazônia,638,7582.3,0.48
2025,11,Amazonas,Norte,Amazônia,451,9859.5,0.55
2025,11,Tocantins,Norte,Cerrado,284,2585.9,0.33
2025,11,Maranhão,Nordeste,Cerrado,239,3061.0,0.4
2025,11,Acre,Norte,Amazônia,227,4767.2,0.34
2025,11,Rondônia,Norte,Amazônia,300,3032.0,0.34
2025,11,Bahia,Nordeste,Caatinga,210,3154.5,0.47
2025,11,Goiás,Centro-Oeste,Cerrado,260,4489.4,0.3
2025,11,Minas Gerais,Sudeste,Cerrado,341,5486.9,0.5
2025,11,Mato Grosso do Sul,Centro-Oeste,Pantanal,193,2631.3,0.57
2025,11,Piauí,Nordeste,Caatinga,188,3322.9,0.48
2025,11,São Paulo,Sudeste,Mata Atlântica,181,1915.9,0.39
2025,11,Roraima,Norte,Amazônia,150,2945.0,0.28
2025,11,Amapá,Norte,Amazônia,135,2084.4,0.39
2025,12,Pará,Norte,Amazônia,420,5123.7,0.23
2025,12,Mato Grosso,Centro-Oeste,Amazônia,272,2802.1,0.54
2025,12,Amazonas,Norte,Amazônia,239,4931.5,0.3
2025,12,Tocantins,Norte,Cerrado,260,4477.5,0.31
2025,12,Maranhão,Nordeste,Cerrado,274,5638.2,0.45
2025,12,Acre,Norte,Amazônia,104,847.7,0.3
2025,12,Rondônia,Norte,Amazônia,184,1741.1,0.42
2025,12,Bahia,Nordeste,Caatinga,101,975.9,0.57
2025,12,Goiás,Centro-Oeste,Cerrado,165,3026.8,0.33
2025,12,Minas Gerais,Sudeste,Cerrado,180,2781.4,0.36
2025,12,Mato Grosso do Sul,Centro-Oeste,Pantanal,96,2029.1,0.43
2025,12,Piauí,Nordeste,Caatinga,78,679.0,0.31
2025,12,São Paulo,Sudeste,Mata Atlântica,130,1873.4,0.36
2025,12,Roraima,Norte,Amazônia,116,1338.6,0.27
2025,12,Amapá,Norte,Amazônia,50,976.5,0.46
